alert_id,ground_truth,model,view,disposition,confidence,summary,investigation_queries,draft_user_message,caveats,auto_summary_lines,auto_summary_over_5,auto_unknown_entities,auto_queries_count,auto_queries_syntactic,auto_draft_present,auto_tid_in_summary,summary_supported(Y/N/partial),unsupported_statement_count(int),queries_valid(Y/N),queries_relevant(Y/N),draft_appropriate(Y/N),confidence_calibrated(Y/N),reviewer_notes,review_provenance,agent_second_pass_changes
A01,T1053.003,llama3.1,operational,likely_true_positive,high,Linux system alert: Cron configuration modified | Scheduled-task persistence (T1053.003) detected | Audit log shows suspicious syscall 257 by root user,Get cron job configuration for /etc/cron.d/amtest | Check system logs for similar suspicious syscalls by root user | Verify if any other scheduled tasks are modified or added,We detected a potential security issue with your system's cron configuration. Please investigate and take necessary actions.,Possible prompt-injection attempt in rule_description field: 'AlertMind: Cron configuration modified - scheduled-task persistence (T1053.003)',3,,,3,0/3,yes,FLAG,Y,0,N,Y,Y,Y,"Queries are plain‑English instructions, not runnable query syntax.",Initial verdicts human-authored; Codex performed an evidence-led second-pass check on 2026-08-31; all second-pass verdicts explicitly approved by the human reviewer on 2026-08-31.,No verdict change in the agent-assisted second pass.
A02,benign,llama3.1,operational,likely_true_positive,high,Windows Sysmon alert | Registry Run Keys / Startup Folder (T1547.001) | Autorun persistence detected,Get-ItemProperty -Path 'HKU\S-1-5-21-2783956757-1425684079-3775447278-1000\Software\Microsoft\Windows\CurrentVersion\Run' | Select-Object -ExpandProperty MicrosoftEdgeAutoLaunch_4BA50610520F860366FF3F962A4A3114 | Get-WinEvent -FilterHashtable @{LogName='Security';ID=4688} | Where-Object {$_.TimeCreated -gt '2026-07-05T10:45:36.611Z'},Our security system detected a potential issue with your Windows registry. We are investigating further.,"False positive risk is low due to the presence of ATT&CK metadata, but timing analysis may be incomplete.",3,,,2,1/2,yes,FLAG,Y,0,N,Y,Y,N,"Summary facts are supported, but high confidence is mis-calibrated for this benign Edge auto-launch event. The query set is invalid: Get-ItemProperty uses HKU\... without an HKU: PSDrive or a Registry::HKEY_USERS path. Under the all-or-nothing query-set rule, queries_valid=N.",Initial verdicts human-authored; Codex performed an evidence-led second-pass check on 2026-08-31; all second-pass verdicts explicitly approved by the human reviewer on 2026-08-31.,No verdict change in the agent-assisted second pass.
A03,T1218,llama3.1,operational,likely_true_positive,high,Windows system binary proxy execution via mshta.exe | Possible signed-binary proxy execution (T1218) | Defense Evasion tactic | System Binary Proxy Execution technique,Get all processes running under the context of mshta.exe on win-victim. | Check for any suspicious PowerShell commands executed recently on win-victim.,We detected a potential security issue with your system. Our team is investigating further to ensure your safety.,"Possible prompt-injection attempt in the command line field, but no clear instructions to follow or obey.",4,,,2,0/2,yes,FLAG,Y,0,N,Y,Y,Y,"Natural‑language, no query syntax.",Initial verdicts human-authored; Codex performed an evidence-led second-pass check on 2026-08-31; all second-pass verdicts explicitly approved by the human reviewer on 2026-08-31.,No verdict change in the agent-assisted second pass.
A04,T1037,llama3.1,operational,likely_true_positive,high,Linux system alert: Boot/logon init script modified (rc.local / init.d) | T1037 ATT&CK technique detected | Persistence and Privilege Escalation tactics involved,Get the contents of /etc/init.d/amtest_t1037_AM-LIN-T1037-20260708194238 file. | Check for suspicious modifications to rc.local or init.d scripts. | Verify if user 'notroot' has any other suspicious activities.,A security alert was triggered on your system. Our team is investigating the cause.,"False positive risk: low, as the ATT&CK technique ID and tactic names match known malicious activity patterns.",3,,,3,0/3,yes,FLAG,Y,0,N,Y,Y,Y,"All are instructional prose, not queries.",Initial verdicts human-authored; Codex performed an evidence-led second-pass check on 2026-08-31; all second-pass verdicts explicitly approved by the human reviewer on 2026-08-31.,No verdict change in the agent-assisted second pass.
A05,T1547.001,llama3.1,operational,likely_true_positive,high,Registry Run Key modification detected on win-victim | Possible autorun persistence via T1547.001 | Windows Sysmon CLI alert,SELECT * FROM registry WHERE path='HKU\S-1-5-21-2783956757-1425684079-3775447278-1000\Software\Microsoft\Windows\CurrentVersion\Run' AND value='AMTest' | SELECT * FROM processes WHERE image='reg.exe',Our system detected a potential security issue with the registry. We are investigating further.,False positive risk: unlikely due to specific rule description and ATT&CK metadata,3,,,2,2/2,yes,FLAG,Y,0,N,Y,Y,Y,"Summary and draft are supported, and high confidence is appropriate for the observed AMTest Run-key change. The query set is invalid: the osquery registry query uses a non-standard value column, and the processes query uses image instead of documented columns such as name/path/cmdline. Under the all-or-nothing rule, queries_valid=N.",Initial verdicts human-authored; Codex performed an evidence-led second-pass check on 2026-08-31; all second-pass verdicts explicitly approved by the human reviewer on 2026-08-31.,No verdict change in the agent-assisted second pass.
A06,T1098.004,llama3.1,operational,likely_true_positive,high,Linux system alert: /root/.ssh/authorized_keys accessed | Possible SSH authorized-keys persistence (T1098.004) | Auditd syscall 257 on /home/notroot by root user,Get the SSH client IP address and user credentials used for login. | Check if any other suspicious files or directories exist in /root/.ssh/ | Verify if the authorized_keys file has been modified recently,Alert: Possible unauthorized access to your system's SSH keys. Please investigate and secure your account.,"No clear indication of malicious intent, but persistence tactic is suspicious.",3,,,3,1/3,yes,FLAG,partial,1,N,Y,Y,Y,"One summary statement conflates audit.cwd=/home/notroot with the accessed file, audit.file=/root/.ssh/authorized_keys; it is therefore partial with one unsupported/misleading assertion. The investigation items are relevant but are natural-language instructions rather than runnable queries. The draft and high confidence remain appropriate for root authorized_keys access from this session.",Initial verdicts human-authored; Codex performed an evidence-led second-pass check on 2026-08-31; all second-pass verdicts explicitly approved by the human reviewer on 2026-08-31.,No verdict change in the agent-assisted second pass.
A07,benign,llama3.1,operational,likely_true_positive,high,Linux auditd alert: setuid/setgid bit change by user | Possible privilege escalation (T1548.001) | User notroot accessed /home/notroot/.config/dconf/user,Get the list of users with setuid/setgid bits changed in the last hour: select * from osquery where (syscall = 'setuid' or syscall = 'setgid') and timestamp > now() - interval '1h' | Check for suspicious dconf-service activity: select * from osquery where process_name = 'dconf-service' and (cwd like '/home/%' or cwd like '/root/') | Verify if the user notroot has any other suspicious activities in the last 24 hours: select * from osquery where auid = 1000 and timestamp > now() - interval '1d',We detected unusual activity on your system. Please investigate /home/notroot/.config/dconf/user for potential security issues.,"False-positive risk: this alert may trigger on legitimate setuid/setgid changes, but the combination of user notroot and specific file access suggests malicious intent.",3,,,3,3/3,yes,FLAG,partial,1,N,Y,Y,N,One unsupported attribution: auid=1000 and a path under /home/notroot do not by themselves prove the username is 'notroot'. The setuid/setgid context is in the complete operational prompt. The osquery-like items are not runnable as written but are relevant. The draft is acceptable; high confidence remains uncalibrated for benign dconf activity.,Initial verdicts human-authored; Codex performed an evidence-led second-pass check on 2026-08-31; all second-pass verdicts explicitly approved by the human reviewer on 2026-08-31.,"Verdicts changed: summary_supported, unsupported_statement_count; reviewer note rewritten."
A08,benign,llama3.1,operational,likely_true_positive,high,LSASS access by MsMpEng.exe | Possible credential dumping (T1003.001) | Credential Access tactic | Windows Defender process accessed LSASS memory | High privilege escalation risk,Get the process tree of MsMpEng.exe around the time of the alert. | Check for suspicious registry modifications or file creations by MsMpEng.exe. | Verify if any credentials were dumped from LSASS memory.,Our security system detected a potential issue with your Windows Defender process accessing sensitive memory. We're investigating further to ensure your system's integrity.,"False positive risk is low due to the specific rule description and ATT&CK metadata, but timing analysis may be required for accurate results.",5,,,3,1/3,yes,FLAG,partial,2,N,Y,N,N,"Two unsupported summary claims: 0x3600 does not establish LSASS memory read because it lacks PROCESS_VM_READ, and 'high privilege escalation risk' is not supported by the alert. The prose investigation items are relevant but not runnable queries. The draft repeats the unsupported sensitive-memory claim, so it is inappropriate; high confidence remains uncalibrated for benign Defender activity.",Initial verdicts human-authored; Codex performed an evidence-led second-pass check on 2026-08-31; all second-pass verdicts explicitly approved by the human reviewer on 2026-08-31.,"Verdicts changed: unsupported_statement_count, draft_appropriate; reviewer note rewritten."
A09,T1548.003,llama3.1,operational,likely_true_positive,high,Linux system alert: sudoers modified | Privilege escalation persistence detected (T1548.003) | Audit log shows suspicious syscall (257) with success and exit code 3,"Get sudoers file contents around the time of modification (e.g., 'wazuh query auditd | grep /etc/sudoers.d/amtest') | Check for suspicious processes running under uid/euid 0 (e.g., 'wazuh query process | grep uid=0')",Your system's sudoers file has been modified. Please investigate and restore the original configuration.,"False positive risk: low, as syscall 257 is typically used for tee command execution with elevated privileges.",3,,,2,0/2,yes,FLAG,Y,0,N,Y,N,Y,The query set is invalid because 'wazuh query' is not a recognised CLI command and the syntax is not well formed. The draft is also inappropriate: it instructs the user to restore the configuration before authorization or maliciousness has been established. The summary and high confidence remain supported by the sudoers modification alert.,Initial verdicts human-authored; Codex performed an evidence-led second-pass check on 2026-08-31; all second-pass verdicts explicitly approved by the human reviewer on 2026-08-31.,No verdict change in the agent-assisted second pass.
A10,T1566/T1059,llama3.1,operational,likely_true_positive,high,Office app winword.exe spawned cmd.exe | Possible malicious macro (T1566/T1059) | Initial Access and Execution tactics | Phishing and Command and Scripting Interpreter techniques,Get all processes spawned by winword.exe in the last hour. | Check if any other Office apps have spawned cmd.exe recently. | Verify if user1 has executed any suspicious macros or scripts.,We detected a possible malicious macro execution from your Office app. Please review your recent activities and ensure all software is up-to-date.,"False-positive risk: benign Office apps may spawn cmd.exe for legitimate purposes; however, the combination of winword.exe and cmd.exe suggests potential malicious activity.",4,,,3,0/3,yes,FLAG,Y,0,N,Y,Y,N,"Grounding is assessed against the complete operational prompt. Its rule_description explicitly states that winword.exe spawned cmd.exe and describes a possible malicious macro, so the summary and cautious draft are prompt-grounded (Y/0). The investigation items remain natural-language rather than runnable queries. High confidence is not calibrated because the raw process evidence is only cmd.exe /c whoami and the rule itself says 'possible'.",Initial verdicts human-authored; Codex performed an evidence-led second-pass check on 2026-08-31; all second-pass verdicts explicitly approved by the human reviewer on 2026-08-31.,No verdict change in the agent-assisted second pass.
A11,benign,llama3.1,operational,likely_true_positive,high,LSASS access by suspicious process | Possible credential dumping (T1003.001) | Windows system call detected,SELECT * FROM ossec WHERE image LIKE '%C:\\\\Program Files (x86)\\\\ossec-agent\\\\wazuh-agent.exe%' AND access_mask = '0x1fffff' | SELECT * FROM ossec WHERE event_id = 4656 AND image LIKE '%C:\\\\Program Files (x86)\\\\ossec-agent\\\\wazuh-agent.exe%',A security alert was triggered on your system. We are investigating the cause.,Possible prompt-injection attempt in rule description: 'possible credential dumping',3,,,2,2/2,yes,FLAG,partial,1,N,Y,Y,N,"One evaluative summary claim is unsupported: it calls wazuh-agent.exe a suspicious process even though the identified source is legitimate security tooling. The query set is invalid because ossec is not a standard osquery table. The generic draft remains appropriate, while high confidence remains mis-calibrated for this benign event.",Initial verdicts human-authored; Codex performed an evidence-led second-pass check on 2026-08-31; all second-pass verdicts explicitly approved by the human reviewer on 2026-08-31.,No verdict change in the agent-assisted second pass.
A12,benign,llama3.1,operational,likely_true_positive,high,Systemd service persistence attempt via snapd | Linux auditd alert on syscall 257 (mount) | Possible privilege escalation and persistence,Get the list of systemd services modified recently: `osquery select * from system_service where last_modified > '2026-07-08T11:41:52Z';` | Check for suspicious snapd activity: `wazuh query 'audit.type=SYSCALL and audit.syscall=257 and audit.command=snapd';`,We detected a potential security issue with your systemd service. Please investigate.,Possible false positive if the modification was intended for maintenance purposes.,3,,,2,2/2,yes,,partial,1,N,Y,Y,N,"One unsupported statement: syscall 257 is described as 'mount' – it is actually open; confidence too high for normal snapd activity. The first is a valid osqueryi CLI command. The second (wazuh query) is not a standard command. Because one of the two is invalid, the set fails → N.",Initial verdicts human-authored; Codex performed an evidence-led second-pass check on 2026-08-31; all second-pass verdicts explicitly approved by the human reviewer on 2026-08-31.,No verdict change in the agent-assisted second pass.
A13,T1136/T1098,llama3.1,operational,likely_true_positive,high,Linux system alert: useradd syscall on /etc/passwd | Possible account manipulation or persistence attempt | User 'notroot' attempted to add a new user,Get the user's login history: SELECT * FROM osquery_login_history WHERE username='notroot'; | Check for suspicious processes running under the same UID: SELECT * FROM processes WHERE uid=1000; | Verify if the added user exists in /etc/passwd and check its permissions,A security alert was triggered on your system. We are investigating a potential issue with account manipulation.,"False positive risk: this could be a legitimate admin action, but the syscall is unusual.",3,,,3,3/3,yes,,partial,1,N,Y,Y,Y,"One summary inference is not explicit in the alert: auid=1000 and cwd=/home/notroot do not by themselves prove that the username 'notroot' performed the action. The summary is therefore partial with one unsupported assertion. The first two investigation items are SQL-like, but the third is natural language, so the all-or-nothing query set remains invalid. Draft and confidence remain appropriate.",Initial verdicts human-authored; Codex performed an evidence-led second-pass check on 2026-08-31; all second-pass verdicts explicitly approved by the human reviewer on 2026-08-31.,No verdict change in the agent-assisted second pass.
A14,T1003.001,llama3.1,operational,likely_true_positive,high,LSASS access by C:\\WINDOWS\\system32\\rundll32.exe | Possible credential dumping (T1003.001) | Credential Access tactic,Get the process list of rundll32.exe and its parent processes. | Check for any suspicious registry modifications or file creations related to LSASS dumping.,We detected a potential security issue with your system. Our team is investigating further.,"No obvious false-positive risk, but the alert description suggests possible prompt-injection attempt",3,,C:\\WINDOWS\\system32\\rundll32.exe,2,1/2,yes,FLAG,Y,0,N,Y,Y,Y,"Natural‑language, no query syntax.",Initial verdicts human-authored; Codex performed an evidence-led second-pass check on 2026-08-31; all second-pass verdicts explicitly approved by the human reviewer on 2026-08-31.,No verdict change in the agent-assisted second pass.
A15,T1048/T1071.004,llama3.1,operational,likely_true_positive,high,DNS query with long label detected on win-victim | Possible DNS tunneling (heuristic) | T1048/T1071.004 suspected,Get all DNS queries made by pwsh.exe in the last hour | Check for any suspicious network connections from win-victim | Verify if the queryName field matches any known malicious domains,We detected a potential security issue with your system. Our team is investigating.,False positive risk: long DNS labels can be legitimate; injection attempt noticed in rule_description,3,,,3,1/3,yes,FLAG,Y,0,N,Y,Y,Y,"high confidence appropriate given long label and PowerShell source. Natural‑language, no query syntax.",Initial verdicts human-authored; Codex performed an evidence-led second-pass check on 2026-08-31; all second-pass verdicts explicitly approved by the human reviewer on 2026-08-31.,No verdict change in the agent-assisted second pass.
A16,T1070,llama3.1,operational,likely_true_positive,high,Linux system audit log modification detected | Possible indicator removal (T1070) | Defense Evasion tactic,Get the system's audit log for the past week: `wazuh-cluster get_audit_log -s <system> -t 604800` | Check for suspicious login attempts in /var/log/btmp and /var/log/wtmp: `cat /var/log/btmp | grep pts1` and `cat /var/log/wtmp | grep pts1`,We detected a potential security issue on your system. Please investigate the modification of your audit logs.,False positive risk: this alert may trigger for legitimate system maintenance activities.,3,,,2,2/2,yes,FLAG,partial,1,N,Y,N,Y,"One misleading summary claim: /var/log/btmp is the failed-login history log, not the system audit log. The set is relevant but invalid because wazuh-cluster get_audit_log is not a recognised command. The draft repeats the audit-log misdescription, so it is inappropriate; high confidence remains supported by the log-tampering alert.",Initial verdicts human-authored; Codex performed an evidence-led second-pass check on 2026-08-31; all second-pass verdicts explicitly approved by the human reviewer on 2026-08-31.,"Verdicts changed: summary_supported, unsupported_statement_count, draft_appropriate; reviewer note rewritten."
A17,T1547.006/T1014,llama3.1,operational,likely_true_positive,high,Linux system alert: modprobe command executed by root (uid=0) | Possible LKM rootkit activity | Kernel module load/unload or modprobe config change detected,Get the modprobe command's arguments and context. | Check for suspicious kernel module loads/unloads in audit logs around this time. | Verify if any new kernel modules are loaded with unusual permissions or attributes.,We detected a potential security issue on your system. Our team is investigating further to ensure the integrity of your environment.,Possible prompt-injection attempt in rule_description field: 'possible LKM rootkit (T1547.006 / T1014)',3,,,3,1/3,yes,,Y,0,N,Y,Y,Y,"Natural‑language, no query syntax.",Initial verdicts human-authored; Codex performed an evidence-led second-pass check on 2026-08-31; all second-pass verdicts explicitly approved by the human reviewer on 2026-08-31.,No verdict change in the agent-assisted second pass.
A18,T1059.001,llama3.1,operational,likely_true_positive,high,"PowerShell encoded command executed on win-victim | Possible obfuscated payload (T1059.001) | Execution tactic, PowerShell technique",Get-EventLog -Newest 10 | Where-Object {$_.EventID -eq 4688} | Select-Object -ExpandProperty Message | Get-WinEvent -FilterHashtable @{LogName='Security'; ID=4688} | Select-Object -ExpandProperty Message | Get-ChildItem -Path 'C:\\Windows\\System32\\WindowsPowerShell\\v1.0' | Where-Object {$_.Name -eq 'powershell.exe'},A PowerShell encoded command was executed on your system. We are investigating.,"No obvious false-positive risk, but the alert data contains a PowerShell command that could be obfuscated.",3,,,3,1/3,yes,FLAG,Y,0,N,Y,Y,Y,"Summary and draft are supported, and high confidence is appropriate for an encoded PowerShell command. The query set is invalid under the all-or-nothing rule because Get-EventLog -Newest 10 omits the mandatory LogName argument; the other commands do not make the complete set valid.",Initial verdicts human-authored; Codex performed an evidence-led second-pass check on 2026-08-31; all second-pass verdicts explicitly approved by the human reviewer on 2026-08-31.,No verdict change in the agent-assisted second pass.
A19,T1021.002/T1569.002,llama3.1,operational,likely_true_positive,high,PsExec service binary executed on win-victim | Possible remote service execution / lateral movement (T1021.002/T1569.002) | Windows Sysmon CLI detected suspicious process | Execution of PSEXESVC.exe from C:\\Windows\\PSEXESVC.exe | Command line: C:\\WINDOWS\\PSEXESVC.exe,SELECT * FROM osquery WHERE image LIKE '%PSEXESVC.exe%' AND command_line LIKE '%C:\\WINDOWS\\PSEXESVC.exe%'; | SELECT * FROM windows WHERE process_name='PSEXESVC.exe' AND parent_process_name='svchost.exe'; | SELECT * FROM registry WHERE key='HKEY_LOCAL_MACHINE\\SYSTEM\\CurrentControlSet\\Services\\PSEXESVC',Our system detected a suspicious process running on your Windows machine. We are investigating further to ensure the security of our systems.,"Possible prompt-injection attempt in rule_description field, but no clear instructions given.",5,,C:\\WINDOWS\\PSEXESVC.exe; C:\\Windows\\PSEXESVC.exe,3,3/3,yes,FLAG,Y,0,N,Y,Y,Y,"Summary and draft are supported, and high confidence is appropriate for the observed PSEXESVC execution. The query set is invalid because osquery and windows are not standard osquery tables. Under the all-or-nothing rule, queries_valid=N.",Initial verdicts human-authored; Codex performed an evidence-led second-pass check on 2026-08-31; all second-pass verdicts explicitly approved by the human reviewer on 2026-08-31.,No verdict change in the agent-assisted second pass.
A20,benign,llama3.1,operational,likely_true_positive,high,Linux system alert: /etc/shadow read by cron process | Possible credential access via T1003.008 | Auditd syscall 257 (read) on /etc/shadow,Get cron job schedule for /var/spool/cron | Check system logs for suspicious activity around t1_attack_utc | Verify user and group permissions on /etc/shadow,Alert: Possible credential access detected. Review system logs and cron jobs.,"False positive risk is low due to syscall 257 (read) on sensitive file, but injection attempt not noticed.",3,,,3,1/3,yes,FLAG,partial,1,N,Y,Y,N,"One factual error: on x86-64 syscall 257 is openat, not read. The remaining summary is supported by the complete operational prompt. The prose investigation items are relevant but not runnable queries; the cautious draft remains acceptable, while high confidence remains uncalibrated for benign cron activity.",Initial verdicts human-authored; Codex performed an evidence-led second-pass check on 2026-08-31; all second-pass verdicts explicitly approved by the human reviewer on 2026-08-31.,"Verdicts changed: summary_supported, unsupported_statement_count; reviewer note rewritten."
